,symbol
0,DFIN
1,AEG
2,CSPI
3,SNX
4,CASS
5,CATY
6,ACCD
7,AFYA
8,CBNK
9,MAS
10,MODV
11,SE
12,ATMP
13,AUY
14,CNK
15,CI
16,CLAS
17,WDS
18,DSEY
19,WOOF
20,SCZ
21,CVCY
22,DVAX
23,LBRDK
24,POND
25,FMNB
26,MNDT
27,III
28,IIIIU
29,ATRA
30,AXAC
31,CFIV
32,EPC
33,EWT
34,CRI
35,AXGN
36,CIO
37,CMCO
38,IIVI
39,EXPGY
40,ECVT
41,ENSG
42,EFA
43,SOHU
44,SOI
45,UAA
46,ABR
47,AIKI
48,EWW
49,DESP
50,FORG
51,CMCSA
52,FOSL
53,NVRO
54,AZZ
55,BACA
56,UA
57,CRZN
58,ILCB
59,ILCV
60,HBM
61,EGP
62,MDY
63,XTN
64,INMB
65,BLX
66,BNDX
67,COWN
68,INDT
69,FHLC
70,CPF
71,DTE
72,CPSS
73,PAQCU
74,PAWZ
75,MLNK
76,CSV
77,WSBC
78,CRF
79,WSBF
80,CSBR
81,CSLM
82,MITK
83,ECH
84,ENR
85,EDIT
86,WSC
87,CHGCY
88,WSFS
89,PRIM
90,PONO
91,MANU
92,POLY
93,CHE
94,PODD
95,FGB
96,FGBI
97,ADT
98,MAG
99,GAIN
100,IQV
101,GAMC
102,LYTS
103,BSCP
104,SPIP
105,ABC
106,GBLI
107,HOMB
108,CNTA
109,MIDD
110,SCSC
111,DBOEY
112,CLLS
113,GBNY
114,IRRX.U
115,ITB
116,GCC
117,GCLN
118,COOK
119,REVG
120,GMED
121,MGTX
122,MGV
123,SQSP
124,ITCI
125,ITGR
126,MYOV
127,FNV
128,MCHP
129,FFBC
130,MERC
131,AERI
132,DOL
133,EXPI
134,FLAC
135,FLYW
136,IYF
137,FNB
138,ROAM
139,FOLD
140,FOXA
141,FOXF
142,FROG
143,GILT
144,GO
145,BWMN
146,GTES
147,IWR
148,IWS
149,GIS
150,GOGL
151,TTAI
152,FSFG
153,FSTX
154,FSV
155,JD
156,JEPI
157,MORT
158,GOLD
159,EWZS
160,FEI
161,AXR
162,GOLF
163,JATT
164,TTAC
165,AGGR
166,FSRX
167,JEF
168,MCFT
169,FYX
170,NLSN
171,CIM
172,CLSC
173,HST
174,GLO
175,GNE
176,GNL
177,KE
178,IHYF
179,IIII
180,IMCB
181,IMCR
182,IMCV
183,IMFL
184,PEBO
185,BNS
186,BBCA
187,GSY
188,FSK
189,GT
190,MBNE
191,BY
192,PFF
193,PFFD
194,PFIN
195,IMMR
196,GOGN
197,GOOS
198,GPI
199,PFTA
200,GPK
201,SHLX
202,SSO
203,GPMT
204,GPOR
205,INVH
206,GFLU
207,JHMD
208,PNM
209,MAT
210,FSNB
211,GPRE
212,DLCA
213,GRCL
214,GRFS
215,GRIN
216,GRN
217,SANG
218,GRP.U
219,GRPN
220,CCEP
221,MAPS
222,STGW
223,CSTR
224,KBWY
225,GHM
226,CSWC
227,CSWI
228,PNT
229,GRVY
230,DEI
231,STIM
232,FDS
233,STM
234,GHG
235,GLBE
236,INOD
237,TT
238,PCB
239,ZETA
240,ZEUS
241,ZEV
242,POR
243,GSBD
244,STON
245,STOR
246,STRS
247,STRT
248,GSEV
249,GSG
250,GSHD
251,EGGF
252,INSP
253,INST
254,INSW
255,GTPB
256,SAVE
257,CHCO
258,TSP
259,PRGS
260,PRI
261,GWW
262,FTXO
263,SUAC
264,SUI
265,GXII
266,GXO
267,SUMO
268,HASI
269,IPVF
270,KRUS
271,KURA
272,LGV
273,MOO
274,PFBC
275,GLRE
276,GLT
277,GPAC
278,CTBI
279,ABGI
280,PNW
281,HBAN
282,AVT
283,ARCE
284,CION
285,GSM
286,SNSR
287,GGAL
288,HCSG
289,HCVI
290,HESM
291,GDXJ
292,TRYIY
293,ANZUU
294,CENQ
295,CLOU
296,HFXI
297,NAVI
298,PNTM
299,LYEL
300,CTLT
301,CLPR
302,CLR
303,SCLE
304,HLI
305,HLNE
306,CVEO
307,CVGI
308,LXU
309,CVGW
310,CVI
311,SDOW
312,LXP
313,CVII
314,ACM
315,CVLY
316,GGB
317,EFSC
318,SDIV
319,HMC
320,HOFT
321,GPRO
322,GSIE
323,GSIT
324,HOG
325,CLRG
326,CVBF
327,SUSA
328,SCOB
329,CVCO
330,ZI
331,XLI
332,EBAC
333,HSHCY
334,CLTL
335,LTH
336,EXPE
337,LSBK
338,DAKT
339,DALI
340,AAN
341,ZIM
342,HPE
343,HPLT
344,HRL
345,IYE
346,CMCL
347,KEP
348,CMCT
349,CRMT
350,CRTO
351,DIS
352,IDCC
353,FTAI
354,NI
355,SON
356,GDV
357,CUBA
358,CUTR
359,CWCO
360,TRNO
361,BR
362,CWST
363,IXAQ
364,LXFR
365,NOAH
366,SCL
367,XBI
368,SHC
369,FJTSY
370,FDMT
371,A
372,AACI
373,HTGC
374,HTH
375,ALLY
376,FCX
377,NJDCY
378,BCS
379,IXN
380,LRFC
381,OSH
382,OSIS
383,PARR
384,IXUS
385,BL
386,DEED
387,CCJ
388,BCSA
389,HTHT
390,HWKZ
391,HUYA
392,HWEL
393,GSK
394,HWM
395,HXL
396,HY
397,HYDW
398,PBA
399,HYEM
400,HYG
401,LQIG
402,FTCS
403,FSLY
404,SNP
405,IVLU
406,FERG
407,BCSF
408,HYLB
409,HYMB
410,ZLAB
411,NGVT
412,TCOM
413,SBFG
414,ASEA
415,SBAC
416,DHIL
417,BLI
418,BZ
419,ZM
420,SA
421,SASR
422,SARK
423,EDD
424,CWT
425,FLYA
426,FEXD
427,BCX
428,SAR
429,LQDA
430,HZO
431,HZON
432,IACC
433,IAPR
434,IAS
435,IBA
436,FFIC
437,GTLS
438,BNL
439,FRW
440,HYLN
441,SAP
442,QS
443,IYG
444,IBKR
445,IBM
446,ZT
447,ISD
448,LYV
449,NOVT
450,IYT
451,JAMF
452,ZTAQU
453,IWN
454,ZURVY
455,KMB
456,LYB
457,IDV
458,IEF
459,LZRFY
460,IEFA
461,IEP
462,IESC
463,IT
464,IWV
465,MFIN
466,NBTB
467,ALIZY
468,BITE
469,IZRL
470,HYS
471,JOFF
472,JPME
473,NVT
474,IWM
475,IAI
476,GDRX
477,XCCC
478,BCYC
479,EGAN
480,EQC
481,TPB
482,GDOT
483,CMI
484,SAND
485,CSTA
486,DVN
487,EZM
488,DT
489,IBOC
490,IBTX
491,LPRO
492,ICCC
493,CTS
494,CTSH
495,LPLA
496,S
497,FYBR
498,GATX
499,AGRO
500,DWIN
501,ICF
502,ICMB
503,ICSH
504,IHIT
505,BRFS
506,HNRG
507,EQD
508,HLIT
509,EFG
510,TDSA
511,INN
512,STRE
513,SWI
514,INT
515,INVA
516,TDOC
517,INVZ
518,TDG
519,IONQ
520,IQMD
521,RXST
522,TD
523,LOKM
524,DGNU
525,DGRS
526,IRIX
527,LEAP
528,IRL
529,OMGA
530,IRM
531,IROQ
532,IRRX
533,IVE
534,AKO.B
535,MBAC
536,BTWN
537,DGRW
538,MIT
539,IVH
540,IWF
541,ACNB
542,GOAC
543,MEI
544,EUSB
545,MITA
546,LVAC
547,AWK
548,ECL
549,FACA.U
550,DIVO
551,DMTK
552,PTIC
553,DSGX
554,MLAI
555,RVT
556,NVO
557,SWT
558,CDAY
559,CDXS
560,LVLU
561,FBIZ
562,GATE
563,ORGO
564,JHSC
565,JNPR
566,LBRT
567,LEN.B
568,GFS
569,GFX
570,PB
571,PBF
572,GGG
573,PLOW
574,RTX
575,LASR
576,PLCE
577,RTMVY
578,ACWV
579,AGM
580,GTHX
581,PBFX
582,PBH
583,PBI
584,GTIM
585,PBPB
586,PBTP
587,KRT
588,CMDY
589,LARK
590,MVF
591,LAND
592,GIB
593,GIC
594,GIFI
595,LANC
596,LAMR
597,SYIEY
598,MILN
599,MIN
600,MINT
601,NCNO
602,CME
603,MRC
604,CMG
605,DNAD
606,KTCC
607,GTPA
608,GTX
609,DPST
610,DRI
611,CNGL
612,TA
613,HRI
614,PAYC
615,PPYA
616,IVCP
617,IVCB
618,PICC
619,PLBC
620,CRMD
621,EQT
622,PRPH
623,DRIO
624,DRIV
625,HALO
626,DAL
627,JUN.U
628,PILL
629,JWSM
630,MKTX
631,MLAB
632,KIDS
633,PINC
634,PINE
635,PIPP
636,MTA
637,SYNL
638,TMAC
639,PATH
640,TLT
641,RSG
642,HMNF
643,CSTL
644,CTAQ
645,CWEN
646,EVBN
647,HNDL
648,HNNA
649,INTC
650,KCDMY
651,PIPR
652,PJT
653,PLAB
654,ABB
655,PL
656,LSEA
657,CVS
658,IPAY
659,HNRA
660,HNST
661,PLD
662,PPLT
663,PWV
664,PWZ
665,RPM
666,IXC
667,MLP
668,KIIIU
669,MNSB
670,MOH
671,MOMO
672,MON
673,KIM
674,KRC
675,RPG
676,TAC
677,ROLL
678,CIR
679,CIVI
680,CLDX
681,CNI
682,COHU
683,IDIV
684,KNSA
685,LEG
686,LEVI
687,COLB
688,NPK
689,KHOLY
690,KKR
691,CLFD
692,FRO
693,RMBI
694,IGSB
695,RMBS
696,IGTA
697,FVAM
698,IIPR
699,ILPT
700,EBKDY
701,IMGN
702,IMLP
703,IMNM
704,FINMU
705,GTY
706,RONI
707,ROSS
708,HAIN
709,ROST
710,CEIX
711,KRNL
712,IMTM
713,INTE
714,FUTY
715,NARI
716,SH
717,TCMD
718,TCN
719,FMS
720,FMTX
721,NGG
722,FMX
723,IPGP
724,IPWR
725,IQDF
726,SHOP
727,NS
728,NBN
729,NBST
730,KRON
731,NSANY
732,NSCS
733,EXTN
734,SKX
735,RITM
736,HEFA
737,IRBT
738,IRDM
739,IRS
740,IRTC
741,DEX
742,FREY
743,EGBN
744,MWA
745,MX
746,MXCT
747,FREE
748,NTB
749,LLY
750,ISVL
751,ITOT
752,ITW
753,IUSG
754,PLTM
755,MHK
756,SPB
757,SPDN
758,PLUG
759,NEA
760,NEAR
761,FVD
762,PNNT
763,PNOV
764,SMNNY
765,SPGS
766,SPLV
767,SPOK
768,SPOT
769,SPXS
770,FVIV
771,IVW
772,IWD
773,SRG
774,SRGA
775,COO
776,KTOS
777,CZNC
778,CZWI
779,DBC
780,FVT.U
781,FWRD
782,GHL
783,KYMR
784,KYN
785,LBAI
786,LD
787,DSWL
788,COP
789,COPX
790,GILD
791,CORN
792,SSYS
793,IWO
794,IWP
795,ACQRU
796,IYC
797,IYJ
798,FINV
799,PCOR
800,FINW
801,STAR
802,STBA
803,STE
804,TBCPU
805,GTEK
806,AMWL
807,AN
808,ETNB
809,NPSNY
810,JAKK
811,SUBCY
812,JBHT
813,JEPQ
814,JETS
815,HHS
816,LFST
817,DHI
818,LGND
819,JXN
820,LHC
821,LHCG
822,JGGC
823,MYFW
824,JJSF
825,JKHY
826,KAHC.U
827,KN
828,OOMA
829,PBCRY
830,AAQC
831,ELP
832,TELL
833,TEN
834,FRGI
835,LHX
836,AVDX
837,AVEM
838,KAIIU
839,FHTX
840,KAIR
841,KALU
842,KALV
843,LIBY
844,LIN
845,MYI
846,TENB
847,PKX
848,FLT
849,RCI
850,FIGS
851,RCII
852,KARO
853,KGC
854,KHC
855,KRG
856,KRP
857,KSI
858,KSS
859,KTB
860,TGS
861,KVHI
862,CEMB
863,LAZ
864,LAZY
865,L
866,KRNY
867,HCICU
868,NSTG
869,NTR
870,EACPU
871,NUS
872,REG
873,MRBK
874,ROBO
875,LEGA
876,HIFS
877,MQ
878,KGFHY
879,LFUS
880,LFVN
881,HIG
882,FRON
883,LMB
884,LMNR
885,NUSI
886,NXGN
887,HIGA
888,LMACU
889,HII
890,LBC
891,LBPH
892,ELF
893,LKFN
894,PKOH
895,LZAGY
896,FGEN
897,LBRDA
898,RACE
899,IRMD
900,HMCO
901,FRONU
902,LNSR
903,LNT
904,LNW
905,MATX
906,LVS
907,OSCR
908,QTWO
909,OWL
910,LNDC
911,DRE
912,BNNR
913,LPL
914,LPSN
915,LSI
916,LWAY
917,LSPD
918,LULU
919,MAN
920,DD
921,REYN
922,WFC
923,REZI
924,MDT
925,MGYR
926,CMRE
927,BHE
928,BHF
929,FRSH
930,FRST
931,INAQ
932,INTT
933,FSP
934,GHC
935,GNTX
936,MANH
937,MANT
938,MASI
939,MATW
940,INFY
941,FSSI
942,DNLI
943,DNZ.U
944,TKNO
945,CABGY
946,GTO
947,EIRL
948,IOSP
949,IPAR
950,IPOD
951,NYMT
952,TKR
953,OCC
954,OFS
955,CFRUY
956,ERO
957,BXP
958,GWRS
959,LNC
960,MAXN
961,OHI
962,OHPA
963,OKTA
964,ELV
965,EMHC
966,MMM
967,MMP
968,MNRL
969,MNRO
970,OLED
971,OLK
972,OLLI
973,NBIX
974,TLH
975,TLK
976,OMCL
977,ORI
978,POWRU
979,PPG
980,BRKL
981,OSTK
982,OSTR
983,OTIS
984,HTZ
985,MRO
986,MRSN
987,MRTN
988,MBND
989,MPAA
990,RELX
991,HZNP
992,DCOMP
993,DFFN
994,PRPC
995,DBA
996,PSLV
997,PSO
998,MRVL
999,CAAP
1000,CALB
1001,ATSG
1002,PAB
1003,PACB
1004,DG
1005,DIBS
1006,PATI
1007,PATK
1008,PAUG
1009,PAVE
1010,MUFG
1011,TM
1012,PBUS
1013,NBR
1014,NGVC
1015,NIB
1016,PBW
1017,DSGR
1018,EPAM
1019,ICAD
1020,DCGO
1021,DB
1022,DCO
1023,HI
1024,HIBB
1025,MBWM
1026,ROL
1027,AESC
1028,DLAKY
1029,PTCT
1030,EGLE
1031,ELY
1032,FLUX
1033,BKEP
1034,MUB
1035,NMRK
1036,RMD
1037,DCOM
1038,DCP
1039,HIII
1040,HIIIU
1041,HLAHU
1042,NBHC
1043,NCLTY
1044,NMG
1045,TMPM
1046,EGY
1047,GIII
1048,MDB
1049,MT
1050,ESEA
1051,DSGN
1052,NKSH
1053,NL
1054,TMST
1055,FTNT
1056,ROG
1057,NODK
1058,NOG
1059,RODM
1060,NOTV
1061,NWS
1062,TMUS
1063,TMV
1064,PEBK
1065,TMX
1066,TNA
1067,CSD
1068,TNC
1069,FLQL
1070,PECO
1071,PEG
1072,DGL
1073,DRD
1074,PEJ
1075,EURN
1076,PEN
1077,FLKR
1078,PENN
1079,NSP
1080,NSTB
1081,HCI
1082,PEPL
1083,NUDM
1084,FLO
1085,ESPO
1086,C
1087,KBR
1088,NCLH
1089,NCSM
1090,NOVA
1091,NVS
1092,OFG
1093,IAA
1094,NOV
1095,PERI
1096,PESI
1097,ESPR
1098,FSTA
1099,FTS
1100,KWEB
1101,LCNB
1102,PETQ
1103,PETS
1104,TNGX
1105,TNK
1106,T
1107,PFHD
1108,IAC
1109,IAE
1110,OPBK
1111,OPEN
1112,TNL
1113,TNP
1114,CAPL
1115,CAPR
1116,JAPSY
1117,CARA
1118,ON
1119,DENN
1120,EPAC
1121,MLM
1122,PNR
1123,NMM
1124,DELL
1125,DTM
1126,GPRK
1127,RNGR
1128,RUSHA
1129,DXC
1130,OTLY
1131,OVBC
1132,GMFI
1133,FUNC
1134,FUSB
1135,ISRG
1136,NIMC
1137,WAL
1138,AGNC
1139,CL
1140,DGICB
1141,DTP
1142,RVAC
1143,OIIM
1144,TOST
1145,RVNC
1146,GBCI
1147,GBDC
1148,ADTN
1149,TJX
1150,PAYO
1151,EMNT
1152,EMQQ
1153,GDNR
1154,DTRT
1155,DTRTU
1156,ROC
1157,CS
1158,JJC
1159,GLDD
1160,GLDI
1161,QLYS
1162,EGRX
1163,MIT.U
1164,PKG
1165,RMR
1166,EPD
1167,GL
1168,GLHA
1169,GLPG
1170,OMIC
1171,ONB
1172,PAYX
1173,PCGU
1174,RACB
1175,VTI
1176,GPP
1177,PCRX
1178,PCSA
1179,PCT
1180,PCTI
1181,HSBC
1182,KLXE
1183,GRC
1184,ONEM
1185,OPA
1186,PDOT
1187,PDS
1188,AVTX
1189,DEA
1190,BWZ
1191,GRU
1192,VRTV
1193,CBFV
1194,AXS
1195,IR
1196,PG
1197,PGC
1198,PGF
1199,OPCH
1200,PGTI
1201,BSRR
1202,RBKB
1203,RC
1204,CODX
1205,GRWG
1206,NGMS
1207,TREX
1208,IDU
1209,DASH
1210,OPER
1211,PH
1212,COLI
1213,PHAT
1214,TRGP
1215,TRI
1216,TWOA
1217,RDN
1218,EWL
1219,MBB
1220,NSTD
1221,GTAC
1222,GTN
1223,GTN.A
1224,NXTC
1225,ORLY
1226,PHG
1227,PHIC
1228,KAII
1229,RDY
1230,RE
1231,RECS
1232,KEYS
1233,HCMA
1234,HDSN
1235,HDV
1236,HEI.A
1237,HJEN
1238,FACA
1239,FATE
1240,IPOF
1241,NYCB
1242,MNSO
1243,MNST
1244,MNTK
1245,PK
1246,HEP
1247,EPRT
1248,KRNT
1249,KROS
1250,MNTN
1251,OSUR
1252,OSW
1253,MOV
1254,OTEX
1255,MSAC
1256,REGN
1257,AAPL
1258,POWL
1259,INSM
1260,ENTG
1261,FCEL
1262,HLAH
1263,HLIO
1264,HOPE
1265,GES
1266,GPN
1267,GS
1268,PRLB
1269,OEPW
1270,OEPWU
1271,OXUS
1272,ACDI
1273,RELY
1274,REM
1275,REVE
1276,DOMO
1277,EAF
1278,EHTH
1279,REVH
1280,HTBK
1281,HTLD
1282,REVHU
1283,ELA
1284,ECNS
1285,EMF
1286,IBP
1287,PTVE
1288,OSI
1289,OSK
1290,PRTA
1291,INSE
1292,IBCE
1293,ICLN
1294,ICLR
1295,FM
1296,CSGS
1297,DXJ
1298,PRTS
1299,CBAN
1300,PUCK
1301,ECPG
1302,PUK
1303,IIVIP
1304,OTTR
1305,IMGO
1306,OUNZ
1307,OXY
1308,OYST
1309,OZK
1310,PULS
1311,RGCO
1312,PXD
1313,IMKTA
1314,IMOM
1315,IMOS
1316,INBK
1317,INDA
1318,INDB
1319,PZZA
1320,DXLG
1321,CODI
1322,INDY
1323,INFN
1324,INFU
1325,IOVA
1326,MSBI
1327,RGNX
1328,RGR
1329,PSCH
1330,MSGE
1331,MSM
1332,DIV
1333,F
1334,QDIV
1335,PTLC
1336,QFIN
1337,OUSA
1338,OVB
1339,PAA
1340,PAC
1341,PACK
1342,IPVA
1343,ITAQ
1344,PACW
1345,FET
1346,PWR
1347,VRA
1348,ENB
1349,FONR
1350,PJAN
1351,ITM
1352,PARA
1353,PARAA
1354,PCSB
1355,QFTA
1356,PEP
1357,PFC
1358,ENCP
1359,DALS
1360,DHBC
1361,ISLE
1362,ITQ
1363,JMBS
1364,FID
1365,ABBV
1366,CGA
1367,QQEW
1368,VPN
1369,AGS
1370,TIMB
1371,CRHC
1372,JMIA
1373,JNCE
1374,ABM
1375,E
1376,QTRX
1377,FLL
1378,EPSN
1379,FLR
1380,FMAO
1381,GCO
1382,GFOR.U
1383,LBTYA
1384,QUAL
1385,QUIK
1386,RAD
1387,RBLX
1388,NRK
1389,FSNB.U
1390,FSS
1391,FSSIU
1392,MCD
1393,FTAA
1394,GIA
1395,GLBL
1396,GOOG
1397,IPSC
1398,PRCT
1399,CW
1400,GLNCY
1401,CDEV
1402,CFBK
1403,AGIO
1404,FWAC
1405,GAQ
1406,KF
1407,EDNC
1408,ADC
1409,CFLT
1410,MSOS
1411,KCE
1412,MUNI
1413,LSXMK
1414,MVBF
1415,ESGU
1416,RSVR
1417,JMAC
1418,JMSB
1419,JNUG
1420,RCKY
1421,RUTH
1422,REPL
1423,ESLT
1424,REPX
1425,RES
1426,FXF
1427,JUGG
1428,AGZ
1429,UNM
1430,GDST
1431,GDYN
1432,LPI
1433,NHC
1434,AHCO
1435,RWAY
1436,RWR
1437,RWT
1438,RWX
1439,KBWB
1440,MYPS
1441,CNTY
1442,ECAT
1443,GHIX
1444,MYRG
1445,KOLD
1446,KCCA
1447,KLIC
1448,NTGR
1449,NTIC
1450,RXT
1451,RY
1452,RYAAY
1453,NTRS
1454,RYAM
1455,RYAN
1456,EIX
1457,KNSW
1458,ABCM
1459,RADI
1460,EFAV
1461,LAC
1462,LCII
1463,LDOS
1464,LEGN
1465,AVTR
1466,ROVR
1467,GII
1468,GLAD
1469,ELMD
1470,FELE
1471,FEM
1472,GLD
1473,GLTR
1474,GM
1475,POST
1476,DNAA
1477,DNAB
1478,EBIX
1479,ARCB
1480,CFG
1481,RTLR
1482,NRC
1483,FLEX
1484,JUN
1485,EMD
1486,FFBW
1487,NWSA
1488,ISEE
1489,LII
1490,LNTH
1491,LOCC
1492,LOCO
1493,LOGI
1494,SEE
1495,ABG
1496,DDD
1497,HLF
1498,DHCA
1499,NCR
1500,LPX
1501,LQD
1502,LQDB
1503,LSTR
1504,LSXMA
1505,SKYY
1506,DNUT
1507,TTC
1508,EMLD
1509,GBX
1510,KMDA
1511,ABT
1512,DNZ
1513,DOC
1514,DPCS
1515,GTXAP
1516,HEES
1517,HERO
1518,COCO
1519,COST
1520,COUP
1521,FHI
1522,MDYV
1523,SAMG
1524,SBCF
1525,SCCO
1526,TTGT
1527,TTM
1528,DCI
1529,FLNC
1530,FLNG
1531,PAY
1532,LUMN
1533,MASS
1534,MATV
1535,MAX
1536,META
1537,RJF
1538,MCBC
1539,RNDB
1540,SLAB
1541,SLAMU
1542,SLB
1543,AVIR
1544,CATO
1545,SLCA
1546,SLF
1547,SBT
1548,CMP
1549,CGAU
1550,DOW
1551,RMAX
1552,CCTS
1553,RNR
1554,DOV
1555,FNA
1556,FRSG
1557,FTEV
1558,RM
1559,DH
1560,DLA
1561,EEM
1562,SFST
1563,ENV
1564,KODK
1565,TVTX
1566,RLGT
1567,SLGC
1568,FTPA
1569,GBRGU
1570,HUBB
1571,SDY
1572,TWO
1573,GH
1574,AIR
1575,DQ
1576,PAG
1577,O
1578,SHYG
1579,EEX
1580,EFC
1581,EMKR
1582,DOCN
1583,PAGP
1584,PAGS
1585,MRNA
1586,ALX
1587,VNO
1588,DRAY
1589,SWMAY
1590,VNM
1591,DRAYU
1592,WXXWY
1593,EGO
1594,KB
1595,MUSI
1596,NGC
1597,NJR
1598,AADI
1599,TWST
1600,LTPZ
1601,LTRN
1602,SHV
1603,EMN
1604,SHW
1605,KNX
1606,MRCC
1607,MRVI
1608,NOW
1609,PHT
1610,SCWX
1611,ACT
1612,HOLX
1613,CBSH
1614,FGMC
1615,MNKD
1616,CBT
1617,PFIS
1618,PFL
1619,NRAC
1620,NSPI
1621,NSTC
1622,NTAP
1623,SCX
1624,SHZHY
1625,PFLT
1626,MCAE
1627,MCAF
1628,HSII
1629,KNSL
1630,NUE
1631,NVAX
1632,VINP
1633,SLG
1634,SLRC
1635,NHIC
1636,NIC
1637,MDC
1638,ADGI
1639,INBX
1640,MLCO
1641,SIZE
1642,PNTG
1643,NVDA
1644,NVEC
1645,NVEE
1646,NVR
1647,NVSA
1648,NVSAU
1649,NWBI
1650,NWLG
1651,NWPX
1652,NXST
1653,IJR
1654,SJIV
1655,SJNK
1656,HEDJ
1657,OB
1658,SJR
1659,SNCY
1660,SJW
1661,TXN
1662,TXRH
1663,KNBE
1664,PXE
1665,BWA
1666,OBNK
1667,ODFL
1668,ODP
1669,SKHSY
1670,CCB
1671,ASCB
1672,SNDX
1673,SLNG
1674,IJK
1675,SLV
1676,SLVM
1677,OGE
1678,LEA
1679,LEGH
1680,DRVN
1681,DSAQ
1682,IGF
1683,DSP
1684,DZSI
1685,FTCI
1686,RJI
1687,OIH
1688,OLIT
1689,PINS
1690,ARE
1691,ATKR
1692,BATL
1693,DE
1694,BRLT
1695,BRP
1696,BOTZ
1697,ETSY
1698,MRNS
1699,VII
1700,OLP
1701,SKYA
1702,SNA
1703,QGEN
1704,SNEX
1705,IDE
1706,SIX
1707,SNFCA
1708,ARLO
1709,KLAC
1710,AAXJ
1711,BIG
1712,CHEAU
1713,TZPS
1714,SIVB
1715,FPAC
1716,DNZOY
1717,EQRX
1718,IDEV
1719,IIGD
1720,ILMN
1721,IRAA
1722,ELS
1723,NKTR
1724,SITM
1725,RF
1726,CMMB
1727,CMC
1728,RING
1729,VICR
1730,ABNB
1731,AAAU
1732,AAC
1733,PBD
1734,PBFS
1735,PLPC
1736,PMAR
1737,PMGM
1738,PML
1739,PHYL
1740,PHYS
1741,BUD
1742,AAC.U
1743,UGIC
1744,SJM
1745,STEP
1746,IMXI
1747,PJP
1748,EYLD
1749,FALN
1750,UCO
1751,UCRD
1752,BRK.B
1753,BRSP
1754,PMT
1755,PMTS
1756,ALTU
1757,VHT
1758,AM
1759,ABEO
1760,FANG
1761,GLDM
1762,KOD
1763,AMKR
1764,CWAN
1765,CWBC
1766,ROCC
1767,CRWS
1768,ABST
1769,ISEM
1770,LEU
1771,UCTT
1772,AHPA
1773,CAJ
1774,DJCO
1775,ISSC
1776,ISTB
1777,ISTR
1778,DJD
1779,COLIU
1780,PLYA
1781,PM
1782,PMX
1783,PQIN
1784,PRAA
1785,ROCG
1786,RGA
1787,BSCO
1788,ITA
1789,LGO
1790,LGSTU
1791,PRAX
1792,PRBM
1793,UEIC
1794,DVY
1795,EOCW
1796,IHS
1797,ASGN
1798,EWCZ
1799,DORM
1800,PRSR
1801,PII
1802,BLU
1803,SWTX
1804,SWX
1805,SXC
1806,SXT
1807,AAL
1808,IVT
1809,JANX
1810,ABTX
1811,BEAM
1812,CHRD
1813,PSPC.U
1814,DLN
1815,UEVM
1816,UG
1817,EMB
1818,SFTBY
1819,IAGG
1820,DUOL
1821,ADNT
1822,CBTX
1823,EWTX
1824,EZPW
1825,NXE
1826,LH
1827,PTGX
1828,PTON
1829,SYBT
1830,SYF
1831,SYK
1832,IART
1833,PUBM
1834,IBCP
1835,PUMP
1836,PV
1837,PVBC
1838,LKQ
1839,IFIN
1840,FUN
1841,SFNC
1842,SYNA
1843,SYNH
1844,PVH
1845,PW
1846,BSL
1847,UIS
1848,MMS
1849,NXDT
1850,SEDG
1851,SEIC
1852,JYAC
1853,JYNT
1854,CBON
1855,CCCS
1856,PYPL
1857,TACT
1858,LTRX
1859,LU
1860,APTV
1861,TAIT
1862,STN
1863,STOK
1864,TAK
1865,UITB
1866,UIVM
1867,SEMR
1868,SENEA
1869,KBA
1870,KBE
1871,OEF
1872,SOCL
1873,ULTA
1874,PICC.U
1875,CHEF
1876,CIBR
1877,DPZ
1878,CND
1879,GOVT
1880,ACAD
1881,CM
1882,HUBS
1883,DXPE
1884,TBNK
1885,ECOM
1886,MAXR
1887,OLPX
1888,ONEW
1889,OPHC
1890,OPRT
1891,QQQN
1892,QRTEP
1893,QURE
1894,QUS
1895,QVAL
1896,QYLD
1897,CNDB
1898,PRFT
1899,EDUC
1900,DNB
1901,PIAI
1902,RAPT
1903,RBB
1904,RRAC
1905,SONO
1906,PI
1907,CWB
1908,TBPH
1909,EEFT
1910,TCBX
1911,KCGI
1912,CIB
1913,KD
1914,COUR
1915,JRI
1916,DK
1917,ESE
1918,EEMV
1919,KDNY
1920,KURE
1921,KW
1922,AVAC
1923,MKL
1924,OPRX
1925,OPT
1926,OPY
1927,UNB
1928,ORCC
1929,SHY
1930,TCS
1931,SHYF
1932,CPRI
1933,EML
1934,ESNT
1935,RBBN
1936,RBCAA
1937,EVC
1938,FENY
1939,CFFI
1940,JUGGU
1941,FHN
1942,LSCC
1943,MCAA
1944,PLNT
1945,UNH
1946,SPMV
1947,SPNE
1948,SPNS
1949,AEHA
1950,MED
1951,MEDP
1952,CBRG
1953,OR
1954,TGLS
1955,TIXT
1956,TMFC
1957,TMFG
1958,PHR
1959,CHDN
1960,PLL
1961,EFIX
1962,FOUR
1963,AAP
1964,VBOCU
1965,MCB
1966,VAQC
1967,PAX
1968,CLVT
1969,RNA
1970,RNER
1971,SOPH
1972,TMHC
1973,MCK
1974,MCRB
1975,MCRI
1976,TMKR
1977,TMKRU
1978,TMO
1979,TMP
1980,SPT
1981,ROIC
1982,SPTM
1983,EQAL
1984,QBIEY
1985,ROIV
1986,ROK
1987,ROKU
1988,PHYT
1989,AEIS
1990,CVE
1991,UPWK
1992,TIP
1993,PHDG
1994,CLW
1995,TSQ
1996,PGHY
1997,AEYE
1998,ABMD
1999,PHX
2000,ROSE
2001,URBN
2002,USAC
2003,FSRXU
2004,MMSI
2005,FVRR
2006,PBAXU
2007,RRR
2008,PBR.A
2009,MCW
2010,SOXX
2011,SPGI
2012,RSI
2013,RSP
2014,XOM
2015,ADV
2016,USAP
2017,FRD
2018,MODN
2019,REXR
2020,REX
2021,CLX
2022,DLR
2023,UBA
2024,UBER
2025,RTH
2026,RTL
2027,RUN
2028,MYGN
2029,AXSM
2030,SPWR
2031,BAP
2032,JWN
2033,BELFA
2034,CTVA
2035,AATC
2036,CPHC
2037,RVLV
2038,RWM
2039,V
2040,TIG
2041,UBFO
2042,ADRNY
2043,CRGY
2044,DKS
2045,GCI
2046,ABCB
2047,PCYO
2048,RWO
2049,RXDX
2050,RXRA
2051,PDBC
2052,PDCE
2053,PDD
2054,FSBW
2055,PDEC
2056,MDWT
2057,MDXG
2058,PDFS
2059,STKL
2060,CHTR
2061,CHUY
2062,RYI
2063,UGL
2064,SABR
2065,SIG
2066,TIOA
2067,ALPMY
2068,TIPT
2069,TITN
2070,UHAL
2071,PFE
2072,KAR
2073,PEO
2074,SCHB
2075,SCHC
2076,SCHD
2077,SCHE
2078,SCHF
2079,SACH
2080,SAFE
2081,SAGA
2082,JCTCF
2083,SCHO
2084,JKS
2085,IWL
2086,SCHP
2087,FTVI
2088,METC
2089,MGI
2090,KFY
2091,AGI
2092,JCI
2093,KFRC
2094,AAWW
2095,PEGR
2096,BHSE
2097,FRBA
2098,KBH
2099,ATC
2100,ICE
2101,CIL
2102,SSAA
2103,TFLO
2104,BVH
2105,ESSA
2106,VAL
2107,TEVA
2108,ENFN
2109,FIF
2110,LW
2111,PNGAY
2112,NNGRY
2113,SAGE
2114,SAH
2115,SAIL
2116,SAL
2117,SAM
2118,VVI
2119,MAA
2120,PLMIU
2121,SSBI
2122,SVNA
2123,AAIC
2124,CNC
2125,BVN
2126,BVS
2127,SBLK
2128,SBNY
2129,JBT
2130,JBSS
2131,BWFG
2132,ACII.U
2133,JBLU
2134,ACRE
2135,JBL
2136,AWX
2137,FWONK
2138,BTG
2139,CLM
2140,UWMC
2141,ADPT
2142,FORM
2143,FORR
2144,MIR
2145,MNDY
2146,ALBO
2147,SBRA
2148,SBS
2149,SBSI
2150,SBSW
2151,SBTX
2152,SBUX
2153,APPF
2154,SCAQ
2155,SCI
2156,TLS
2157,CFFN
2158,CFFS
2159,ARLP
2160,DLO
2161,ASAI
2162,ASAN
2163,ASAQ
2164,ACA
2165,SCOBU
2166,SCPH
2167,ITOS
2168,SCPL
2169,SCRM
2170,CNA
2171,ITIC
2172,EOG
2173,GOOD
2174,GOSS
2175,GBT
2176,AVPT
2177,IPI
2178,BOH
2179,IPG
2180,FMBH
2181,SCS
2182,SD
2183,SDAC
2184,SDACU
2185,BWMX
2186,KFFB
2187,INCY
2188,SDS
2189,BPMC
2190,BPOP
2191,BPRN
2192,LTC
2193,IJJ
2194,IFF
2195,MSCI
2196,USHY
2197,USLM
2198,USM
2199,SEDA
2200,BFIN
2201,TOL
2202,TOTL
2203,IJH
2204,EOCW.U
2205,CMAX
2206,BRLI
2207,BRMK
2208,PLUS
2209,TOELY
2210,IIIV
2211,FNLC
2212,VIOO
2213,FNGU
2214,BRZE
2215,FMB
2216,OFIX
2217,OFLX
2218,OGIG
2219,OHPAU
2220,OI
2221,OPNT
2222,OPOF
2223,ERF
2224,USMV
2225,USNA
2226,POOL
2227,IGMS
2228,BPYPO
2229,BPYPP
2230,BRG
2231,VLGEA
2232,SB
2233,PMVP
2234,IGE
2235,BRIV
2236,BRKH
2237,IGD
2238,USO
2239,USPH
2240,USRT
2241,RPTX
2242,VLN
2243,VBTX
2244,ATRC
2245,BATRA
2246,SELF
2247,TPL
2248,TPTX
2249,TPVG
2250,TPX
2251,BB
2252,HCC
2253,NG
2254,SANM
2255,USIG
2256,USX
2257,UTAA
2258,TPZ
2259,TQQQ
2260,TR
2261,TRAQ
2262,KAI
2263,UTHR
2264,UTI
2265,CBRE
2266,USFR
2267,CMBM
2268,NMR
2269,CMCA
2270,PPL
2271,UTMD
2272,UTZ
2273,PFGC
2274,IQLT
2275,UVE
2276,PSA
2277,RPRX
2278,SEM
2279,UVSP
2280,TRC
2281,TRCA
2282,TREE
2283,UVV
2284,VMOT
2285,CMT
2286,EQX
2287,IRT
2288,EDV
2289,SFE
2290,SFIX
2291,AMCX
2292,ERAS
2293,BCPC
2294,BCRX
2295,BDC
2296,NNN
2297,NOMD
2298,VABK
2299,BECN
2300,AI
2301,PNC
2302,FCFS
2303,FCG
2304,STEM
2305,ERII
2306,STER
2307,ESAB
2308,VAC
2309,ESGD
2310,ESGE
2311,STET
2312,HBI
2313,VAW
2314,STEW
2315,VB
2316,ESI
2317,ETN
2318,HA
2319,IBB
2320,WRK
2321,FCNCA
2322,PFG
2323,BHVN
2324,OZKAP
2325,PEGA
2326,ETRN
2327,PCVX
2328,VBNK
2329,SGU
2330,NETC
2331,GAIA
2332,HAAC
2333,HIPS
2334,MPLX
2335,PORT
2336,NSC
2337,NSSC
2338,RDWR
2339,VCIT
2340,VCLT
2341,FEO
2342,NTWK
2343,NTZG
2344,VONV
2345,VOO
2346,VCSH
2347,VCTR
2348,VCV
2349,VCXA
2350,DHHC
2351,VIS
2352,CGNX
2353,HAYN
2354,UPTD
2355,MXL
2356,REMX
2357,VCXB
2358,VCYT
2359,ACET
2360,VEA
2361,AORT
2362,DBSDY
2363,EVRI
2364,HUM
2365,YOU
2366,RSKD
2367,YPF
2368,STNE
2369,STNG
2370,STT
2371,ETWO
2372,GIIX
2373,BCE
2374,CCSI
2375,CDW
2376,CE
2377,OBE
2378,OC
2379,VECO
2380,VECT
2381,VEL
2382,PFDR
2383,BZUN
2384,DTOC
2385,VRRM
2386,VELO
2387,VRSK
2388,VSCO
2389,VERI
2390,VERV
2391,VERX
2392,VET
2393,VEU
2394,SHQAU
2395,UPS
2396,MYN
2397,ACHV
2398,VSDA
2399,VSS
2400,ABCL
2401,UPRO
2402,UPLD
2403,ADM
2404,EUCR
2405,HNI
2406,CERT
2407,VFC
2408,VTEB
2409,VTIP
2410,VTIQ
2411,BOX
2412,CDAQ
2413,ROP
2414,EARN
2415,AGYS
2416,EUFN
2417,EVA
2418,OCFC
2419,NABL
2420,HBT
2421,AVA
2422,OCN
2423,OCSL
2424,OCUL
2425,OFC
2426,OIS
2427,VGIT
2428,EBMT
2429,VUSB
2430,HCA
2431,HCAT
2432,EBND
2433,COVA
2434,REET
2435,ACXP
2436,SI
2437,FBP
2438,FIAC
2439,FICO
2440,FIZZ
2441,CPG
2442,FLWS
2443,VGR
2444,CDNS
2445,ROM
2446,CG
2447,VGT
2448,Z
2449,FKWL
2450,FLACU
2451,FLCO
2452,ROLLP
2453,ONL
2454,FLIC
2455,SIER
2456,RIO
2457,TRTL
2458,TRTN
2459,DGS
2460,TRTX
2461,TRU
2462,TRUP
2463,VHAQ
2464,ZBH
2465,RETA
2466,SIGA
2467,SIGI
2468,ZBRA
2469,TRV
2470,TSBK
2471,TSCO
2472,TSE
2473,TSEM
2474,ZD
2475,OEC
2476,EDR
2477,PTOC
2478,SPG
2479,GMAB
2480,KO
2481,DHHCU
2482,TSPQ
2483,VIA
2484,VIAV
2485,ZHDG
2486,DHR
2487,EVO
2488,DHT
2489,REK
2490,OPI
2491,AGL
2492,VICI
2493,VTWG
2494,VIG
2495,ORA
2496,ORC
2497,ORCL
2498,VIR
2499,VIRC
2500,COMM
2501,CORT
2502,ACQR
2503,EVOP
2504,VTWV
2505,IWB
2506,EW
2507,CSCO
2508,EWA
2509,CSTM
2510,JNJ
2511,KUBTY
2512,CTRA
2513,CTRN
2514,VIRI
2515,VIRT
2516,VIRX
2517,TX
2518,VIST
2519,VITL
2520,EWS
2521,DOCU
2522,EXAS
2523,EXR
2524,EXTR
2525,CHD
2526,HP
2527,ORIA
2528,OVLY
2529,OXAC
2530,PANA
2531,SKM
2532,NRG
2533,PPH
2534,EWJ
2535,FIVG
2536,VIV
2537,VIVO
2538,AEAEU
2539,EYE
2540,VVNT
2541,FACT
2542,GSBC
2543,FLSW
2544,PPIH
2545,SKT
2546,CTXS
2547,VWAGY
2548,VWAPY
2549,VWDRY
2550,VWO
2551,VKI
2552,DSNKY
2553,NAAC
2554,HELE
2555,PGR
2556,AGAC
2557,NAPA
2558,SLAM
2559,VXUS
2560,GNAC
2561,AA
2562,NBXG
2563,NC
2564,NCACU
2565,NETI
2566,PRA
2567,UOVEY
2568,VLATU
2569,PAYA
2570,VLO
2571,PCCT
2572,WASH
2573,UNTY
2574,AOR
2575,CHGG
2576,CINT
2577,FLME
2578,FOX
2579,FRC
2580,ADBE
2581,ASR
2582,BEN
2583,NEX
2584,NFJ
2585,NFLX
2586,NFNT.U
2587,NFRA
2588,FARM
2589,FARO
2590,FAS
2591,ROAD
2592,NGM
2593,RICK
2594,NGS
2595,PCYG
2596,PEAK
2597,RGLD
2598,RRX
2599,HNW
2600,HON
2601,WCLD
2602,WCN
2603,WD
2604,WDAY
2605,WDC
2606,HONE
2607,HOUS
2608,VNCE
2609,ZTO
2610,ACIW
2611,NHTC
2612,BKLN
2613,WDFC
2614,ADER
2615,FAST
2616,COWZ
2617,GPS
2618,CP
2619,HOV
2620,HSY
2621,LGL
2622,CIGI
2623,JVAL
2624,PWSC
2625,RARE
2626,DECK
2627,RFP
2628,DEN
2629,CLAA
2630,ENS
2631,NKE
2632,RBA
2633,RBAC
2634,SPGS.U
2635,SPH
2636,RCHG
2637,FCPT
2638,FCTR
2639,FDBC
2640,NLOK
2641,IGNY
2642,VNDA
2643,VNET
2644,QRHC
2645,VOD
2646,VOE
2647,PGRE
2648,PGRW
2649,PHI
2650,SPXL
2651,VOXX
2652,VOYA
2653,VPCB
2654,CPA
2655,HIMS
2656,HIMX
2657,FDP
2658,FRG
2659,PJUN
2660,SF
2661,HYD
2662,PRG
2663,PKBK
2664,PKE
2665,PLAO
2666,PLMI
2667,PLTK
2668,NMMC
2669,SLVO
2670,SLVP
2671,FDUS
2672,PLTR
2673,PLXS
2674,PLYM
2675,RS
2676,SLVR
2677,SM
2678,SMAR
2679,SMBC
2680,SMBK
2681,FRME
2682,FUTU
2683,FV
2684,NOA
2685,ONOF
2686,SMCI
2687,QTEC
2688,SMFG
2689,TAP
2690,QVMS
2691,AON
2692,RADA
2693,FVCB
2694,KAMN
2695,FENC
2696,SMG
2697,SMH
2698,SMHB
2699,FPI
2700,FSTR
2701,SZZL
2702,GLOB
2703,AEMB
2704,THO
2705,FWONA
2706,AKYA
2707,HIVE
2708,EIG
2709,RDIV
2710,EIGR
2711,VRDN
2712,AJG
2713,ELAN
2714,ELAT
2715,GRPH
2716,GMRE
2717,HSC
2718,ENPC
2719,UMI
2720,ENTF
2721,ILF
2722,ONTO
2723,OSPN
2724,PDEX
2725,RLI
2726,RLJ
2727,AMAL
2728,TECH
2729,TECK
2730,CPAA
2731,HYXF
2732,EPV
2733,EQHA
2734,URA
2735,CRM
2736,FSLR
2737,UMBF
2738,BSKY
2739,ARNC
2740,DUHP
2741,DUK
2742,TELA
2743,TEDU
2744,RIOT
2745,TEF
2746,PRLD
2747,PROF
2748,PROV
2749,RJA
2750,GBIO
2751,RJAC
2752,RDVT
2753,RLMD
2754,ALLO
2755,FINM
2756,WH
2757,TEL
2758,KMX
2759,MTNOY
2760,TECL
2761,UCBI
2762,RLYB
2763,GD
2764,EZU
2765,BDXB
2766,VTEX
2767,IEZ
2768,ACTG
2769,CWEB
2770,FINX
2771,FIS
2772,FISI
2773,FISV
2774,FNCB
2775,GDEN
2776,FXNC
2777,PSAGU
2778,GABC
2779,AIA
2780,ALB
2781,ANAC
2782,AOS
2783,FSUGY
2784,UAL
2785,FITBI
2786,U
2787,TEAM
2788,RNG
2789,VMI
2790,RNST
2791,RNW
2792,CPB
2793,MC
2794,GDX
2795,GEEX
2796,GEF.B
2797,GENC
2798,CPE
2799,IDT
2800,PSNL
2801,CPRT
2802,TAN
2803,FTHM
2804,HBB
2805,HCNE
2806,HCOM
2807,IEI
2808,TFSL
2809,VYGR
2810,VYM
2811,TG
2812,AEACU
2813,AGG
2814,GFOR
2815,ALLK
2816,IGT
2817,GEMD
2818,VYMI
2819,VZ
2820,VZIO
2821,WAB
2822,IEUR
2823,PTRA
2824,PTSI
2825,GEOS
2826,HCP
2827,GGAA
2828,GGMC
2829,IHRT
2830,ILCG
2831,GGN
2832,GHAC
2833,SANA
2834,ATEN
2835,WIW
2836,WIX
2837,AER
2838,BOOM
2839,WARR
2840,WBD
2841,BSX
2842,AIRS
2843,CLDT
2844,IETC
2845,FDX
2846,RPID
2847,HAE
2848,IMO
2849,TGAA
2850,ALIT
2851,TS
2852,CGNT
2853,RDCM
2854,ALCC
2855,AOM
2856,GFGD
2857,IAUM
2858,RCLF
2859,DWAHY
2860,ES
2861,DDS
2862,IMUX
2863,IMVT
2864,IBRX
2865,SAXPY
2866,TSHA
2867,ICNC
2868,PARAP
2869,GUNR
2870,GURE
2871,GVA
2872,GVAL
2873,CHRW
2874,IDA
2875,IYY
2876,IMBBY
2877,PD
2878,PDCO
2879,PDLB
2880,ADRT
2881,CITE
2882,CLBR
2883,GVCI
2884,COOLU
2885,GVI
2886,IEMG
2887,CNMD
2888,AHRN
2889,CXM
2890,DAVA
2891,RCL
2892,RCKT
2893,TDW
2894,AVAV
2895,ICOL
2896,ICPT
2897,ICUI
2898,ICVT
2899,DCT
2900,LGIH
2901,AHT
2902,BBDC
2903,DSI
2904,DUSL
2905,TDV
2906,EOLS
2907,ESAC
2908,ETR
2909,FLOT
2910,HMN
2911,DNOW
2912,ARMK
2913,RH
2914,CPS
2915,KPTI
2916,HMLP
2917,AFCG
2918,DISA
2919,NX
2920,TGNA
2921,TGR
2922,SONY
2923,SOS
2924,KRBN
2925,TWLO
2926,CSIQ
2927,EVR
2928,AMP
2929,IOO
2930,AMG
2931,CLRM
2932,ACVA
2933,SOTK
2934,KRE
2935,KREF
2936,KRO
2937,LE
2938,LFC
2939,MBSC
2940,AGR
2941,PFS
2942,PFSI
2943,SOUHY
2944,SOVO
2945,SPAB
2946,AMH
2947,ACEL
2948,ACI
2949,AVXL
2950,HACK
2951,MIELY
2952,SMWB
2953,BFLY
2954,SPCE
2955,TGT
2956,UL
2957,WPP
2958,WPS
2959,NNI
2960,PFSW
2961,CPUH
2962,HWKN
2963,IDYA
2964,LYFT
2965,SPCM
2966,SPDW
2967,BA
2968,HYB
2969,SPEM
2970,SPEU
2971,SPFI
2972,SQZ
2973,SRC
2974,SRI
2975,HBNC
2976,LESL
2977,LILA
2978,LILAK
2979,PKI
2980,RCD
2981,RCEL
2982,RCFA
2983,SRLN
2984,SRLP
2985,JAQC
2986,WRLD
2987,FUJIY
2988,PCRFY
2989,RCM
2990,RCMT
2991,SRPT
2992,IGAC
2993,ACR
2994,CLST
2995,CMPR
2996,CMPS
2997,DISAU
2998,TDSB
2999,RCUS
3000,SSTK
3001,ANVS
3002,OGN
3003,OGS
3004,CDMO
3005,OHAA
3006,EHAB
3007,AEAE
3008,AEP
3009,RDFN
3010,AIRC
3011,GLLI
3012,AIRG
3013,AQUA
3014,CNOB
3015,CNP
3016,IVV
3017,AIT
3018,RDI
3019,RDNT
3020,STIP
3021,STKS
3022,GDS
3023,TV
3024,BX
3025,HYLD
3026,ALC
3027,RENT
3028,COMT
3029,STZ
3030,QRVO
3031,CONX
3032,EBAY
3033,GSQD
3034,BELFB
3035,ENOV
3036,EPU
3037,BCML
3038,ERIC
3039,PRDO
3040,INTA
3041,RFG
3042,FCAX
3043,AIN
3044,ADSK
3045,ARGO
3046,IX
3047,MLR
3048,RHI
3049,RHP
3050,IWY
3051,AAT
3052,FC
3053,WTFC
3054,TU
3055,AGCO
3056,AIF
3057,IPVI
3058,AIP
3059,RIG
3060,BF.A
3061,FCF
3062,SU
3063,UNF
3064,UNFI
3065,WTM
3066,WTMF
3067,EVE
3068,BIDU
3069,BMO
3070,RILY
3071,TTMI
3072,ALKS
3073,TTEK
3074,MOG.A
3075,QSI
3076,NTCT
3077,WWAC
3078,QSR
3079,SNAP
3080,TTEC
3081,IPVIU
3082,HUBG
3083,TTE
3084,ALKT
3085,ALL
3086,CHH
3087,TTD
3088,ALLE
3089,CIX
3090,SVXY
3091,TTSH
3092,CQP
3093,CQQQ
3094,KVSA
3095,KVSC
3096,RHHBY
3097,KWT
3098,SWCH
3099,SWET
3100,SWETU
3101,SWIM
3102,SWIR
3103,TW
3104,TWCB
3105,CRH
3106,CUZ
3107,BRDG
3108,PRFZ
3109,HERA
3110,PRGO
3111,IRWD
3112,PACX
3113,OXM
3114,AKAM
3115,AMNB
3116,SWK
3117,CRWD
3118,FCBC
3119,FCN
3120,FCRD
3121,PRMW
3122,HERAU
3123,ISAA
3124,ITT
3125,RMGC
3126,IEX
3127,SWKH
3128,SWKS
3129,SWN
3130,XBIT
3131,RJN
3132,KYCH
3133,KZR
3134,IVR
3135,RKTA
3136,RKTA.U
3137,POAHY
3138,AMRX
3139,PRNT
3140,ANGL
3141,RLAY
3142,RPAY
3143,RPT
3144,QQQ
3145,SMIH
3146,SMIHU
3147,LABU
3148,LADR
3149,LAUR
3150,SMPL
3151,SNBR
3152,CXAC
3153,HHC
3154,PRO
3155,HSTM
3156,RPV
3157,CYBR
3158,RQI
3159,RRBI
3160,RRC
3161,RRGB
3162,BAESY
3163,CYD
3164,CBU
3165,AMTX
3166,J
3167,AMZN
3168,FEIG
3169,TAL
3170,TALO
3171,APAM
3172,LAX
3173,WWD
3174,PRPC.U
3175,PRPL
3176,QNST
3177,FNGS
3178,HIE
3179,TMCI
3180,TMDX
3181,TRN
3182,WWE
3183,XLF
3184,FBRT
3185,ATCO
3186,OWNS
3187,LBTYK
3188,LC
3189,MRCY
3190,API
3191,APLE
3192,XLK
3193,BAC
3194,ALDX
3195,MTD
3196,AR
3197,AREN
3198,TME
3199,LCA
3200,LCAA
3201,LCUT
3202,NRIX
3203,GLP
3204,TARO
3205,TARS
3206,USB
3207,VBK
3208,APT
3209,BFC
3210,VMD
3211,VMGA
3212,PSCT
3213,PSL
3214,PSN
3215,ARCH
3216,AIZ
3217,ALIM
3218,ARCK
3219,VNT
3220,VONG
3221,VOTE
3222,VPG
3223,FANUY
3224,ARES
3225,KYOCY
3226,M
3227,RUSHB
3228,RVMD
3229,RVSB
3230,PSQ
3231,PSTG
3232,ESRT
3233,VPU
3234,VRE
3235,WEAT
3236,TZOO
3237,RXRX
3238,RYTM
3239,TTNDY
3240,IVOO
3241,CZR
3242,DIA
3243,VRNT
3244,VRTX
3245,DIOD
3246,DISH
3247,DDM
3248,TCPC
3249,SAIA
3250,SAIC
3251,CLPT
3252,TBI
3253,TBK
3254,AFRM
3255,ALXO
3256,ASHX
3257,SATS
3258,TBSA
3259,FF
3260,FFIV
3261,VST
3262,FOR
3263,ASPN
3264,APLS
3265,BCAT
3266,TWOU
3267,BGX
3268,QLD
3269,TBT
3270,VTN
3271,FND
3272,VTWO
3273,AFTR
3274,AMAT
3275,BLBD
3276,CODA
3277,BSM
3278,WHD
3279,WPCB
3280,CGW
3281,CNHI
3282,TRST
3283,LEAP.U
3284,LEE
3285,TRS
3286,WYNN
3287,K
3288,KEN
3289,AVNW
3290,AZEK
3291,BGCP
3292,SBGI
3293,SBH
3294,BYD
3295,LEN
3296,MD
3297,CAT
3298,AGNCN
3299,SBII
3300,ANZU
3301,TCEHY
3302,DRQ
3303,VWOB
3304,VXF
3305,MLI
3306,MLKN
3307,MUSA
3308,AMCI
3309,AMD
3310,AMED
3311,AVO
3312,CF
3313,CHNG
3314,LGTO
3315,HLT
3316,LGVC
3317,LHAA
3318,SCHM
3319,BAR
3320,SCHR
3321,TDCX
3322,PWOD
3323,SCHV
3324,SCHW
3325,SCM
3326,SCOA
3327,SCUA
3328,SDOG
3329,WRB
3330,IVOL
3331,AOSL
3332,CNNE
3333,BRC
3334,LINC
3335,LIND
3336,EXP
3337,RYLD
3338,PWP
3339,AEL
3340,RYN
3341,EMXC
3342,AEM
3343,AIEQ
3344,AMJ
3345,SEER
3346,SEF
3347,WEL
3348,LION
3349,LITE
3350,LNG
3351,QUAD
3352,HMST
3353,HMTV
3354,HMY
3355,ARBGU
3356,SFBC
3357,SFBS
3358,WELL
3359,TROW
3360,TEO
3361,WES
3362,TEX
3363,WETF
3364,LNN
3365,HQY
3366,HRB
3367,HRMY
3368,HRT
3369,LOCC.U
3370,NAN
3371,W
3372,WABC
3373,QVML
3374,QVMM
3375,IIIN
3376,ONYX
3377,TRNS
3378,HRZN
3379,TRMB
3380,LUMO
3381,SMMNY
3382,LUNA
3383,MA
3384,MAC
3385,PDSB
3386,HSAQ
3387,HT
3388,KR
3389,RL
3390,AWI
3391,SGEN
3392,MHH
3393,TFC
3394,XNTK
3395,XOMA
3396,XPEV
3397,ONLN
3398,MRAM
3399,QMOM
3400,HUGS
3401,AIMC
3402,TGI
3403,TGTX
3404,TGVC
3405,WAT
3406,AOUT
3407,ZEN
3408,ENLC
3409,EOD
3410,MSA
3411,NHI
3412,NTLA
3413,OII
3414,HUN
3415,ONTF
3416,HURC
3417,HURN
3418,RDUS
3419,SGFY
3420,EPHY
3421,EPOL
3422,EQBK
3423,IVCA
3424,DLTR
3425,APGB
3426,APH
3427,SCHL
3428,STR
3429,TRMK
3430,THAC
3431,TRMR
3432,SHECY
3433,MACC
3434,MACK
3435,TRIP
3436,RENN
3437,RKLB
3438,AINV
3439,Y
3440,ENCPU
3441,ICFI
3442,ICL
3443,SCHN
3444,ICVX
3445,MAIN
3446,SCHX
3447,ASHR
3448,QCRH
3449,OXSQ
3450,AJRD
3451,AL
3452,ASH
3453,SHAP
3454,SHLS
3455,SHM
3456,MBIN
3457,MBTCU
3458,MBUU
3459,MCO
3460,ALEC
3461,ALEX
3462,AMBC
3463,APCA
3464,QCOM
3465,APO
3466,APPS
3467,ZUO
3468,APTM
3469,IDR
3470,IEHS
3471,IFS
3472,CLF
3473,IRAAU
3474,PAHC
3475,WEX
3476,YETI
3477,ACC
3478,MCS
3479,IGIB
3480,IGIC
3481,IGLB
3482,MGM
3483,ROCK
3484,SIBN
3485,BCC
3486,BITO
3487,ALGM
3488,ALGN
3489,ALHC
3490,AGCB
3491,DY
3492,ERJ
3493,LECO
3494,IGV
3495,IHF
3496,IHG
3497,AGD
3498,LGACU
3499,LGF.A
3500,LGF.B
3501,ALTG
3502,MCY
3503,MRK
3504,TRIN
3505,INFA
3506,ALNY
3507,INMD
3508,INNV
3509,INTU
3510,INVE
3511,ALPN
3512,TCI
3513,BOAS
3514,WFRD
3515,ASO
3516,MDGL
3517,IONS
3518,POWW
3519,OUT
3520,TCFC
3521,IVAC
3522,ATO
3523,QDEL
3524,DMRC
3525,IPVA.U
3526,EQR
3527,ESTA
3528,YORW
3529,ESTE
3530,ACGL
3531,DLTH
3532,MDU
3533,AMBP
3534,AMEH
3535,IQ
3536,AMPH
3537,TUP
3538,ARR
3539,ACGLO
3540,ISCV
3541,ISDR
3542,BACHY
3543,PROSY
3544,AEE
3545,NXRT
3546,TCDA
3547,TUSK
3548,ISDX
3549,ITUB
3550,METV
3551,AIV
3552,AMR
3553,AMRK
3554,AMSC
3555,ARVN
3556,TWI
3557,TWIN
3558,YUM
3559,BKU
3560,IUSB
3561,IUSV
3562,ETD
3563,MFC
3564,TWNI
3565,AEPPZ
3566,MGEE
3567,MGF
3568,IYM
3569,IYR
3570,IYW
3571,JCICU
3572,SITC
3573,CIEN
3574,TCBI
3575,CPK
3576,CRK
3577,DFAS
3578,NTTYY
3579,ITRI
3580,BCOW
3581,SITE
3582,ALRS
3583,BNY
3584,MGMT
3585,MGNI
3586,BAX
3587,BOAC
3588,SBOW
3589,EJPRY
3590,NFG
3591,JACK
3592,SGA
3593,TZA
3594,TZPSU
3595,UBCP
3596,UBND
3597,WMT
3598,FOCS
3599,ALG
3600,AQN
3601,FPE
3602,ARQT
3603,ATAX
3604,CHPT
3605,JAZZ
3606,CHRA
3607,UDMY
3608,UDR
3609,LMT
3610,JBGS
3611,PCY
3612,JBI
3613,JCIC
3614,JELD
3615,NTST
3616,AME
3617,ARRY
3618,SKY
3619,BOC
3620,FRPH
3621,UE
3622,FRPT
3623,GENI
3624,SKYW
3625,SLAC
3626,SLCR
3627,KOF
3628,UEC
3629,UJUL
3630,ULH
3631,URI
3632,URNM
3633,URTH
3634,KORU
3635,MLVF
3636,MMYT
3637,ARKR
3638,UYG
3639,VALE
3640,VALU
3641,VCEL
3642,DIG
3643,GSP
3644,JNK
3645,GSQB
3646,ARTE
3647,BKI
3648,EVCM
3649,VSH
3650,VSMV
3651,VSTA
3652,MN
3653,MNA
3654,JOUT
3655,JPHY
3656,JPM
3657,BIGZ
3658,SLP
3659,MPRA
3660,MPW
3661,MPWR
3662,EVLV
3663,VVV
3664,APPN
3665,ARCC
3666,ARKF
3667,KEX
3668,LIVN
3669,SP
3670,LMST
3671,WHR
3672,MITT
3673,MKC
3674,TPR
3675,JPST
3676,ARKG
3677,ASIX
3678,ASX
3679,BCM
3680,WIP
3681,WIRE
3682,WK
3683,ADEX
3684,CDR
3685,COF
3686,MYE
3687,SSL
3688,MRTX
3689,MRUS
3690,MS
3691,WKHS
3692,WM
3693,WMB
3694,MSEX
3695,MSFT
3696,EWBC
3697,EWC
3698,BGS
3699,BIPC
3700,PHM
3701,THQ
3702,THR
3703,THRM
3704,THRN
3705,WMC
3706,WMG
3707,WMPN
3708,WMS
3709,THS
3710,MTBC
3711,AKIC
3712,CAR
3713,CBOE
3714,TCBC
3715,WNS
3716,CNO
3717,EWM
3718,EXPD
3719,BBSI
3720,MTEX
3721,MTVC.U
3722,ASB
3723,LQDT
3724,WRAC
3725,MTW
3726,MU
3727,MYTE
3728,NANR
3729,BALL
3730,WRE
3731,DOCS
3732,NATI
3733,NATR
3734,NEE
3735,NEO
3736,NEOG
3737,NEP
3738,NEXA
3739,NOK
3740,NWN
3741,DSX
3742,EZA
3743,SIL
3744,SILK
3745,NBSTU
3746,TPIC
3747,COLD
3748,NIU
3749,JRVR
3750,LUNG
3751,LUV
3752,NTDOY
3753,PPERY
3754,TKOMY
3755,LUXA
3756,CLB
3757,NLY
3758,PYZ
3759,NTES
3760,POSH
3761,PX
3762,TARA
3763,FBNC
3764,OMF
3765,HCCI
3766,ATRO
3767,ATRI
3768,ARBG
3769,ARKW
3770,PXJ
3771,XHB
3772,CECE
3773,CEE
3774,CEF
3775,CELC
3776,TWNK
3777,HE
3778,HEAR
3779,SMMF
3780,ARRW
3781,AXP
3782,LVRA
3783,AKRO
3784,AKTS
3785,NNDM
3786,RFIL
3787,KBAL
3788,CIVB
3789,CIZN
3790,CNDT
3791,AMRC
3792,ATOM
3793,BIB
3794,FFIN
3795,NOAC
3796,NPAB
3797,KBWD
3798,PWUP
3799,PTC
3800,KDP
3801,NPO
3802,NTKI
3803,FFNW
3804,CSX
3805,CRUS
3806,TPH
3807,UGI
3808,EVBG
3809,FLS
3810,UNIT
3811,KELYA
3812,KIE
3813,TPGY
3814,TPG
3815,CLAA.U
3816,WSM
3817,NREF
3818,TPC
3819,FHB
3820,KNTE
3821,FIX
3822,FLRN
3823,HSKA
3824,AIO
3825,ARWR
3826,BHLB
3827,HSON
3828,HTAQ
3829,CTRE
3830,NRIM
3831,WHG
3832,PSEC
3833,CLBK
3834,CMLS
3835,PEB
3836,CNQ
3837,HTLF
3838,WSO
3839,WSR
3840,HTPA
3841,VBR
3842,VC
3843,LFG
3844,LIT
3845,PSAG
3846,AXTI
3847,LL
3848,BMAC
3849,PGX
3850,PLAOU
3851,MOD
3852,PLBY
3853,PMD
3854,VENA
3855,VERA
3856,VFH
3857,VGK
3858,VGLT
3859,ALOR
3860,NSRGY
3861,RBGLY
3862,SMB
3863,WST
3864,WTBA
3865,SHE
3866,SHEL
3867,AG
3868,NRP
3869,ALCO
3870,CNVY
3871,CNX
3872,CPT
3873,CHN
3874,ENVA
3875,AROC
3876,AVB
3877,LMACA
3878,LOPE
3879,LPG
3880,DCPH
3881,ALV
3882,NTG
3883,NTNX
3884,NVGS
3885,ACCO
3886,AU
3887,CRL
3888,DIN
3889,ESTC
3890,PRLH
3891,NSA
3892,NSIT
3893,EWP
3894,SMRT
3895,ATAQ
3896,PPT
3897,TOWN
3898,ALRM
3899,NUHY
3900,NWL
3901,ARYD
3902,ARYE
3903,CXW
3904,AROW
3905,PPC
3906,CYBE
3907,PPBI
3908,B
3909,NPNYY
3910,HBCP
3911,HCAR
3912,NURE
3913,WTI
3914,DCRD
3915,VNOM
3916,VNQ
3917,VNQI
3918,VOOG
3919,ATAQ.U
3920,CRU
3921,APEN
3922,SMTC
3923,SMTI
3924,CYRX
3925,ACMR
3926,D
3927,ACRO
3928,VOOV
3929,VOR
3930,GPC
3931,VRSN
3932,VRT
3933,VRTS
3934,WHLM
3935,HIW
3936,AZN
3937,BKE
3938,HQL
3939,HSIC
3940,VSAC
3941,VSEC
3942,KAHC
3943,KAIRU
3944,SAFT
3945,MMX
3946,WTS
3947,POWI
3948,ACRS
3949,ACWI
3950,ATTO
3951,AZRE
3952,BIIB
3953,FTDR
3954,HLN
3955,LTHM
3956,DAC
3957,WTTR
3958,POW
3959,VTOL
3960,VTR
3961,AEAC
3962,VTRS
3963,VTSI
3964,DADA
3965,DAOO
3966,TNET
3967,BE
3968,G
3969,NVCR
3970,NVG
3971,HWBK
3972,LRN
3973,AP
3974,VVR
3975,VWE
3976,APA
3977,APAC
3978,WTW
3979,WAFDP
3980,CRS
3981,CROX
3982,NVMI
3983,NWE
3984,NWFL
3985,SILC
3986,DBI
3987,SVT
3988,WU
3989,DBX
3990,WAVC
3991,WBA
3992,TNDM
3993,HWC
3994,ADYEY
3995,SILJ
3996,ARTNA
3997,NWG
3998,SIMO
3999,WDI
4000,ACHR
4001,ACII
4002,BASE
4003,ALK
4004,WHLRP
4005,WINA
4006,ADES
4007,AEZS
4008,BFH
4009,BGSX
4010,DOG
4011,NWLI
4012,ALOT
4013,ED
4014,WING
4015,WLK
4016,WLKP
4017,WLY
4018,IBEX
4019,IDXX
4020,CIXX
4021,ALSN
4022,ALT
4023,ASC
4024,ASML
4025,PNFP
4026,HR
4027,ALTO
4028,BRW
4029,TMAC.U
4030,CCF
4031,WNEB
4032,DFS
4033,CLNE
4034,ASPS
4035,WWW
4036,WY
4037,AUB
4038,DICE
4039,DINO
4040,LGST
4041,ICHR
4042,ALTR
4043,AMGN
4044,AMK
4045,TLYS
4046,BBY
4047,WTRG
4048,EXLS
4049,AMLP
4050,ASZ
4051,ASZ.U
4052,SWSS
4053,AMN
4054,GF
4055,WVVI
4056,WW
4057,FLIN
4058,TLGY
4059,SOXL
4060,XAR
4061,ATEX
4062,ATGE
4063,PMGMU
4064,SWBI
4065,AMOT
4066,PAR
4067,CLMT
4068,SWAV
4069,MGY
4070,MHD
4071,SQ
4072,STLD
4073,XLE
4074,XPOF
4075,AVAL
4076,AMPI
4077,SPLB
4078,IGM
4079,MCBS
4080,VO
4081,XPRO
4082,YALA
4083,ALVR
4084,YELL
4085,YMM
4086,EAGG
4087,EFX
4088,FNKO
4089,MIRM
4090,ARW
4091,SPLG
4092,SPLK
4093,ITRN
4094,MGC
4095,MGIC
4096,FTGC
4097,MGK
4098,FTI
4099,NICK
4100,MJ
4101,MKSI
4102,ACN
4103,AZPN
4104,BAFN
4105,BAH
4106,FUMB
4107,BCOV
4108,MLPX
4109,MMC
4110,KNBWY
4111,FA
4112,FTV
4113,IHI
4114,MAR
4115,APEI
4116,ASRT
4117,MMI
4118,ATCX
4119,SPTL
4120,SPTN
4121,ATEC
4122,ATEK
4123,HCII
4124,HCIIU
4125,AMPY
4126,AMSWA
4127,SUSL
4128,SPTS
4129,APYX
4130,ARCT
4131,CABO
4132,NYT
4133,MMLP
4134,BALY
4135,ENVX
4136,XEL
4137,XEMD
4138,XENE
4139,ATNI
4140,IOAC
4141,PLAY
4142,PJUL
4143,BSKYU
4144,BTU
4145,DAIO
4146,AMT
4147,AMTB
4148,OLMA
4149,ASRV
4150,OMAB
4151,ASTE
4152,ONDS
4153,XFIN
4154,XFINU
4155,XGN
4156,ORGN
4157,ESM.U
4158,ESQ
4159,ASTL
4160,ASUR
4161,MNM
4162,ATVI
4163,AVAN
4164,XHR
4165,XITK
4166,ENZL
4167,ESS
4168,FLGB
4169,HQH
4170,FTEC
4171,FTEV.U
4172,AVD
4173,ASYS
4174,ATHM
4175,XLB
4176,XLC
4177,INGR
4178,ATI
4179,AY
4180,GE
4181,AUBN
4182,AUDC
4183,BAM
4184,SPVU
4185,SPWH
4186,SPXC
4187,VRAY
4188,BAMR
4189,BZH
4190,CAF
4191,SPY
4192,SPYD
4193,XLP
4194,XNCR
4195,AMUB
4196,PACWP
4197,PAQC
4198,SMP
4199,AMWD
4200,AUS
4201,ANAB
4202,BATT
4203,SPYG
4204,SPYV
4205,SQFT
4206,SQM
4207,XOP
4208,XP
4209,BBBY
4210,BKH
4211,GTLB
4212,AGGRU
4213,SQNS
4214,SQQQ
4215,XPDB
4216,XPER
4217,KDDIY
4218,CLIN
4219,PICK
4220,ATLC
4221,PBR
4222,AYI
4223,MTDR
4224,MTG
4225,MTH
4226,ANET
4227,EVI
4228,XPO
4229,NICE
4230,MUX
4231,TROX
4232,TRP
4233,MTZ
4234,MUR
4235,BCBP
4236,PBYI
4237,BETZ
4238,TRQ
4239,ANEW
4240,CAPD
4241,NE
4242,NEU
4243,AURC
4244,NIE
4245,NIO
4246,MITEY
4247,CCBG
4248,CDZI
4249,CLS
4250,ANF
4251,PCH
4252,PCM
4253,PCX
4254,PIN
4255,TILE
4256,GLPI
4257,NMFC
4258,FMAT
4259,SPHD
4260,SRRK
4261,NEM
4262,AXTA
4263,NOBL
4264,NPCE
4265,NRACU
4266,NSL
4267,NTRA
4268,NTRSO
4269,NVTS
4270,CFR
4271,ANNX
4272,NUDV
4273,NUGT
4274,NULC
4275,NUSA
4276,NUV
4277,NUVA
4278,GLUE
4279,FLXS
4280,GLW
4281,GNR
4282,GNRC
4283,AZUL
4284,SSD
4285,BAB
4286,THCX
4287,BGR
4288,BLKB
4289,GNSS
4290,ANSS
4291,AOA
4292,TIL
4293,BP
4294,NUVL
4295,PDM
4296,SSNC
4297,APG
4298,BLMN
4299,CTT
4300,AXNX
4301,SSP
4302,CHAA
4303,GROW
4304,CNDA
4305,ACU
4306,HPQ
4307,BCO
4308,EMR
4309,FAF
4310,FANH
4311,MET
4312,FBHS
4313,SSTI
4314,FST
4315,LSAK
4316,OLO
4317,GNTY
4318,WLFC
4319,WMK
4320,FLGT
4321,OKE
4322,OM
4323,TFII
4324,PTR
4325,TFFP
4326,ARKX
4327,BEKE
4328,ARL
4329,CNM
4330,VTV
4331,OMC
4332,OMEG
4333,ESP
4334,AGQ
4335,ATXS
4336,FE
4337,MTX
4338,BK
4339,TELNY
4340,CRNC
4341,AEF
4342,YELP
4343,YEXT
4344,BRO
4345,CCK
4346,GSL
4347,GSLC
4348,GSQB.U
4349,OMI
4350,ORRF
4351,OSBC
4352,OXLC
4353,PANL
4354,PCG
4355,ESMT
4356,ARKK
4357,ACAB
4358,ACAH
4359,CFB
4360,PYCR
4361,GSRM
4362,AEO
4363,LAW
4364,PDOT.U
4365,AYX
4366,BIO
4367,IVZ
4368,ACIU
4369,ARKO
4370,TEKK
4371,ARKQ
4372,CC
4373,FVT
4374,WKME
4375,AVY
4376,ALE
4377,BFST
4378,PGSS
4379,ACLS
4380,ACWX
4381,ADAL
4382,GMGI
4383,AFAC
4384,AFL
4385,AGX
4386,AHH
4387,CLH
4388,FLBR
4389,FLCH
4390,PHO
4391,PFXF
4392,VDC
4393,AJX
4394,CACI
4395,VDE
4396,VEEV
4397,VVX
4398,BGNE
4399,BGSF
4400,HFFG
4401,AGTI
4402,BIP
4403,CCU
4404,ATAI
4405,DYN
4406,EA
4407,EAC
4408,EAD
4409,SUPN
4410,ATAK
4411,FNDC
4412,PZN
4413,SUNL
4414,BHP
4415,BHR
4416,BIGC
4417,BIL
4418,STX
4419,BLD
4420,YINN
4421,ATLO
4422,TDY
4423,DAN
4424,ATUS
4425,CAL
4426,AVUV
4427,GAPA
4428,GATO
4429,AWAY
4430,ESGR
4431,IAU
4432,IBDP
4433,BIOS
4434,R
4435,YTPG
4436,FWRG
4437,HKXCY
4438,ESCA
4439,ATR
4440,RELL
4441,YUMC
4442,BIOL
4443,YY
4444,HES
4445,BWC
4446,PGNY
4447,CUBE
4448,CX
4449,TDS
4450,TCBK
4451,BKNG
4452,BLDP
4453,RGEN
4454,BLK
4455,AMBA
4456,HEINY
4457,CERS
4458,EC
4459,HD
4460,EPWR
4461,ADUS
4462,RGP
4463,FSBC
4464,AXON
4465,ZG
4466,BXC
4467,CACC
4468,CENTA
4469,CENX
4470,BRT
4471,FTCV
4472,CEPU
4473,CLIM
4474,DFUV
4475,GAN
4476,SCHZ
4477,SCU
4478,SCVL
4479,GANX
4480,GEF
4481,PSEP
4482,HAFC
4483,AGO
4484,HAIA
4485,ALPA
4486,BMBL
4487,ZING
4488,ZINGU
4489,PCTY
4490,TALS
4491,AZO
4492,ASND
4493,ATHA
4494,SEVN
4495,SGMO
4496,SGOL
4497,SGOV
4498,SGRY
4499,SHACU
4500,SII
4501,AWR
4502,SYY
4503,ALGT
4504,TYL
4505,ZIP
4506,ZNTL
4507,PCAR
4508,GMS
4509,HCKT
4510,FLAX
4511,HCM
4512,HL
4513,HOLI
4514,PTEN
4515,AVID
4516,BFZ
4517,COFS
4518,COGT
4519,COKE
4520,QCLN
4521,HPP
4522,HQI
4523,HTBI
4524,AXL
4525,STVN
4526,BMY
4527,BND
4528,BANC
4529,STTK
4530,STPZ
4531,ZWS
4532,ZYXI
4533,PAPR
4534,SSUMY
4535,BAND
4536,QID
4537,NGLOY
4538,BKR
4539,BNTX
4540,SUN
4541,BSJO
4542,CCI
4543,CMA
4544,SSEZY
4545,BFAC
4546,BFAM
4547,BANF
4548,COVAU
4549,DLX
4550,EBF
4551,PANW
4552,MPX
4553,BANR
4554,SRVR
4555,EHC
4556,BKSC
4557,SRTS
4558,DEO
4559,CDRE
4560,DV
4561,ORAN
4562,FTCH
4563,PSX
4564,SVFAU
4565,SVFB
4566,PAM
4567,BLDE
4568,BLDR
4569,BRY
4570,CMS
4571,CRDO
4572,WOR
4573,WLDN
4574,JLL
4575,SRT
4576,WIT
4577,WGO
4578,BLE
4579,BABA
4580,BNO
4581,EVER
4582,WFG
4583,AVGO
4584,AX
4585,RAIL
4586,BBN
4587,FIVE
4588,SRS
4589,CRC
4590,BLFY
4591,BLNG
4592,BBW
4593,VMW
4594,BBWI
4595,OVV
4596,RAMP
4597,FITB
4598,JGH
4599,JHG
4600,JHS
4601,NFYS
4602,OLN
4603,SPSB
4604,SPSC
4605,SRCE
4606,CENT
4607,CVRX
4608,SHAK
4609,BWX
4610,FHLT
4611,BCH
4612,ARIS
4613,ARIZ
4614,SRCL
4615,SRDX
4616,SRE
4617,ASLE
4618,BBCP
4619,EXPO
4620,FDL
4621,KEQU
4622,EBS
4623,CINF
4624,BLOK
4625,VLY
4626,KEY
4627,BLTS
4628,BLZE
4629,BMAQ
4630,KINS
4631,KMI
4632,WBS
4633,BMEA
4634,BMEZ
4635,BMI
4636,BMRC
4637,BMRN
4638,BNFT
4639,ZDGE
4640,BW
4641,CDLX
4642,WCC
4643,MTVC
4644,STC
4645,STLA
4646,STRA
4647,STRL
4648,GFF
4649,MTB
4650,KMPH
4651,KMPR
4652,KMT
4653,HLLY
4654,HLMN
4655,SR
4656,FNVT
4657,FNWB
4658,KOP
4659,KRTX
4660,KRYS
4661,KSA
4662,PSTL
4663,RPD
4664,MOS
4665,DEM
4666,OVL
4667,NXPI
4668,CPNG
4669,AKR
4670,GCP
4671,BJ
4672,EXEL
4673,NVEI
4674,AVLR
4675,BOKF
4676,CCCC
4677,GLNG
4678,FIBK
4679,LI
4680,LJPC
4681,LMAT
4682,LOMA
4683,STWD
4684,SWZ
4685,VGSH
4686,UUP
4687,BOND
4688,BOTJ
4689,ANGO
4690,BRBR
4691,BRD
4692,SUM
4693,LOVE
4694,LOW
4695,LRCX
4696,EXC
4697,ZVIA
4698,ZUMZ
4699,PSPC
4700,SPHQ
4701,SUP
4702,BSET
4703,USFD
4704,BCOR
4705,TTDKY
4706,BSIG
4707,BSJM
4708,SVC
4709,SVFA
4710,SVIX
4711,FBK
4712,BXMT
4713,ULVM
4714,BSMX
4715,BSTZ
4716,BSVN
4717,CALM
4718,CAMP
4719,CARE
4720,WAFD
4721,EPR
4722,ZTS
4723,OMRNY
4724,BILL
4725,ZS
4726,BSY
4727,BTAI
4728,ASBFY
4729,BTAL
4730,DBP
4731,EVTC
4732,CARG
4733,CBAY
4734,CNXC
4735,CCV
4736,PSMT
4737,CCOI
4738,VYGG
4739,SOMLY
4740,CCRD
4741,DVA
4742,GIL
4743,LZB
4744,MBCN
4745,MCG
4746,SCHG
4747,MCHI
4748,FEZ
4749,VXZ
4750,BTRS
4751,BUG
4752,BULZ
4753,BG
4754,BMA
4755,CSL
4756,FN
4757,HGV
4758,MTAL
4759,TASK
4760,WNC
4761,WNNR
4762,UBS
4763,TXT
4764,WOLF
4765,VXRT
4766,VUG
4767,BUR
4768,BURL
4769,TAYD
4770,TBBK
4771,TBCP
4772,TWTR
4773,BUSE
4774,BUZZ
4775,TRMD
4776,CATC
4777,COOP
4778,CCVI
4779,BJRI
4780,TCRR
4781,TCRX
4782,BATRK
4783,KT
4784,MDLZ
4785,MDRX
4786,MEG
4787,TCVA
4788,TCX
4789,TDC
4790,TER
4791,BV
4792,TESS
4793,TETC
4794,TLGA
4795,IDCBY
4796,BC
4797,DLHC
4798,CULP
4799,TFX
4800,TGH
4801,THC
4802,THCP
4803,WOW
4804,AFG
4805,WPC
4806,SOFI
4807,MELI
4808,VTNR
4809,WPCA
4810,THFF
4811,TINV
4812,TK
4813,TNYA
4814,TOAC
4815,TSIB
4816,WPM
4817,FCCO
4818,TSLA
4819,TSLX
4820,TSM
4821,TSN
4822,TTT
4823,TTWO
4824,TUFN
4825,TWKS
4826,TWLV
4827,TWLVU
4828,TWM
4829,TY
4830,MEOH
4831,KWR
4832,BWXT
4833,TYG
4834,CBL
4835,UBOH
4836,UBOT
4837,UBP
4838,FULT
4839,WQGA
4840,DCBO
4841,SO
4842,FPH
4843,UBSI
4844,UFCS
4845,UFI
4846,UFPI
4847,UFPT
4848,MFA
4849,MFM
4850,SNY
4851,AC
4852,SNV
4853,UK
4854,ULBI
4855,MG
4856,UMH
4857,UMPQ
4858,UNP
4859,MNTV
4860,MNTX
4861,SCHA
4862,MO
4863,MOAT
4864,EPM
4865,CBZ
4866,VKQ
4867,VLUE
4868,BYRN
4869,BYTS
4870,FZT
4871,CAG
4872,CAH
4873,CAKE
4874,VRNA
4875,VRNS
4876,VSTO
4877,VT
4878,CCS
4879,WAVS
4880,WB
4881,PRVB
4882,CLAR
4883,EVH
4884,DFE
4885,DKNG
4886,DOLE
4887,WEC
4888,WEN
4889,WERN
4890,WEYS
4891,WF
4892,VSAT
4893,SNRH
4894,CAMT
4895,CAN
4896,VREX
4897,BKD
4898,SNPS
4899,BURBY
4900,CARR
4901,CARS
4902,CERE
4903,BRX
4904,CET
4905,DMAQ
4906,CUK
4907,SDVKY
4908,MONCU
4909,MORN
4910,MPB
4911,MPC
4912,BLFS
4913,VPL
4914,CMTL
4915,MSI
4916,SNPO
4917,BLEU
4918,CBRL
4919,CCAI
4920,CCAP
4921,CHAU
4922,FIVN
4923,SPNT
4924,SPR
4925,GNK
4926,CNS
4927,BLSA
4928,CCL
4929,CNSL
4930,XPAX
4931,XPAXU
4932,XPEL
4933,BLDG
4934,SCHH
4935,BOOT
4936,FBMS
4937,SVNDY
4938,HNGR
4939,NOC
4940,GDDY
4941,COTY
4942,MSDA
4943,COOL
4944,COIN
4945,SPTI
4946,SPTK
4947,SSB
4948,VOT
4949,SNPHY
4950,MSGS
4951,MTLS
4952,DGII
4953,CPAAU
4954,SSRM
4955,CCRN
4956,IJS
4957,IJT
4958,SNOW
4959,SNN
4960,SNDR
4961,SNDA
4962,IKNA
4963,DFEN
4964,SDGR
4965,GRMN
4966,ZION
4967,UNICY
4968,XAIR
4969,MTN
4970,DHX
4971,DO
4972,DOOR
4973,FNF
4974,CONN
4975,MGRC
4976,SMM
4977,TIPX
4978,SMLV
4979,SMLR
4980,COMP
4981,APN
4982,CKHUY
4983,MGPI
4984,ESACU
4985,CD
4986,SMIN
4987,CSUAY
4988,SSREY
4989,EME
4990,MGNX
4991,CHS
4992,ST
4993,STAA
4994,STAG
4995,STRO
4996,BPAC
4997,NMIH
4998,VMCA
4999,VMC
5000,VMBS
5001,CHT
5002,EAT
5003,GRBK
5004,MTRN
5005,MTRX
5006,CHRS
5007,EB
5008,NDLS
5009,CSGP
5010,MTSI
5011,MTTR
5012,MTUM
5013,NDAC
5014,CELH
5015,CHK
5016,CHX
5017,DMYS
5018,CJPRY
5019,EDU
5020,X
5021,PRVA
5022,CEM
5023,CEVA
5024,CGEM
5025,CLBT
5026,COLM
5027,MGA
5028,PRU
5029,CPAQ
5030,CPAR
5031,GBL
5032,VLRS
5033,BSV
5034,CB
5035,CCNE
5036,VIPS
5037,CALX
5038,CLDS
5039,DAR
5040,CDNA
5041,LAKE
5042,HLX
5043,LAD
5044,NAD
5045,NAII
5046,VHI
5047,SMHI
5048,SMED
5049,CPLP
5050,BHAC
5051,VMEO
5052,AMCR
5053,CAE
5054,CPRX
5055,CPSI
5056,AFBI
5057,NATH
5058,CPTK
5059,CPUH.U
5060,CURO
5061,DGRO
5062,EDAP
5063,EEMA
5064,XLRE
5065,XLU
5066,XLV
5067,JOE
5068,CR
5069,CRAI
5070,CRBU
5071,GWX
5072,GXC
5073,GFL
5074,FDN
5075,NDAQ
5076,CHMI
5077,EVRG
5078,CRD.A
5079,CREC
5080,APOG
5081,AVVIY
5082,CRNX
5083,CRON
5084,GXG
5085,H
5086,HAL
5087,NCMGY
5088,SLM
5089,COLL
5090,MTCH
5091,YOLO
5092,CRSP
5093,CTKB
5094,AZTA
5095,XLY
5096,NDSN
5097,NDVG
5098,NECB
5099,XM
5100,XME
5101,HAS
5102,CRSR
5103,FXI
5104,FXN
5105,LGAC
5106,ERIE
5107,SPIB
5108,CRVL
5109,CSAN
5110,UTL
5111,MPLN
5112,USVM
5113,EWX
5114,EXK
5115,USTB
5116,SSSS
5117,CVX
5118,CYH
5119,HAYW
5120,NESR
5121,NET
5122,EMO
5123,CSII
5124,NEWR
5125,CSR
5126,GEO
5127,NEWT
5128,MHO
5129,MP
5130,CRD.B
5131,EQNR
5132,HBIO
5133,NFBK
5134,FRBK
5135,NFE
5136,NFNT
5137,SLGN
5138,STSA
5139,TRIS
5140,CSTE
5141,FRAF
5142,SKIN
5143,AIG
5144,EFV
5145,SKIL
5146,GFI
5147,BDX
5148,CIA
5149,CHMG
5150,CTAQU
5151,CTAS
5152,CTG
5153,FRA
5154,FR
5155,CTLP
5156,SKE
5157,MFGP
5158,DFNV
5159,BNR
5160,DLB
5161,USAK
5162,AMSF
5163,CTO
5164,SJI
5165,ODC
5166,BRBS
5167,ESM
5168,XRAY
5169,SGHT
5170,CTOS
5171,XRX
5172,CUBI
5173,THRY
5174,BSGA
5175,XSD
5176,CURV
5177,CVET
5178,CVLT
5179,CWK
5180,BLUA
5181,SILV
5182,SXI
5183,MKTAY
5184,EQIX
5185,XSOE
5186,SHQA
5187,EQH
5188,SHOO
5189,AMX
5190,AMYT
5191,ANDE
5192,BRF
5193,BSBK
5194,BSCM
5195,BSCN
5196,INGN
5197,ENPH
5198,ANGI
5199,ENTA
5200,ANIK
5201,ANIP
5202,XTL
5203,MEKA
5204,SHO
5205,APD
5206,APMI
5207,APP
5208,CAC
5209,BDTX
5210,GWRE
5211,DGX
5212,UNVR
5213,CHKP
5214,SHG
5215,CADE
5216,CGBD
5217,CHCT
5218,FUL
5219,SHEN
5220,XT
5221,CMU
5222,CVR
5223,CVV
5224,FFWM
5225,ARGT
5226,ARGX
5227,ARHS
5228,SHBI
5229,AVNT
5230,CYTK
5231,ULTR
5232,ING
5233,BDN
5234,CNYA
5235,CHWY
5236,DALN
5237,DBEF
5238,DBRG
5239,IBN
5240,MEC
5241,IP
5242,RENE
5243,ARI
5244,ATNM
5245,AUPH
5246,MEAC
5247,ME
5248,DGICA
5249,DAO
5250,FATP
5251,FRT
5252,VV
5253,AVNS
5254,XVV
5255,DOOO
5256,EWY
5257,EWZ
5258,SGH
5259,BBVA
5260,BCAB
5261,ULCC
5262,BERY
5263,EPI
5264,BF.B
5265,DFH
5266,DSKE
5267,FL
5268,BH
5269,HFWA
5270,THG
5271,UI
5272,ARCO
5273,FBC
5274,GEL
5275,BHC
5276,BIV
5277,BKCC
5278,MORF
5279,BBQ
5280,XYL
5281,SGC
5282,BBIO
5283,LOB
5284,UHT
5285,PRM
5286,SFM
5287,AAON
5288,BEP
5289,DNKEY
5290,ACHC
5291,EDOC
5292,EDRY
5293,DRH
5294,EGHT
5295,DOX
5296,BHB
5297,DVYE
5298,DX
5299,DXCM
5300,GHLD
5301,ET
5302,SFL
5303,SKGRU
5304,MDH
5305,BEPC
5306,BFS
5307,BTI
5308,EMHY
5309,EMLC
5310,BBH
5311,GOOGL
5312,SEB
5313,HDB
5314,HEI
5315,ADP
5316,FMC
5317,SEAT
5318,EBC
5319,EBIZ
5320,EWJV
5321,BRKR
5322,BWAY
5323,BWB
5324,CASH
5325,CASY
5326,CBD
5327,CHIQ
5328,YMAB
5329,SEAS
5330,UHS
5331,UCON
5332,CNXN
